<?xml version="1.0" encoding="UTF-8"?>
<suite name="TestCase_Suite_Client_SMPHIX_7975_5555">
   <listeners>
      <listener class-name="com.tegile.intelliflash.listeners.TestsListenerAdapter"/>
   </listeners>
   <parameter name="ClientSheet" value="Client_SMPHIX_7975_5555"/>
   <test name="Test_Scenario 1a">
      <parameter name="TestCase" value="Scenario 1a"/>
      <parameter name="browser" value="firefox"/>
      <parameter name="version" value="20.0"/>
      <parameter name="platform" value="WINDOWS"/>
      <classes>
         <class name="com.tegile.intelliflash.testdriver.TestCaseDriver"/>
      </classes>
   </test>
   <test name="Test_Scenario 1b">
      <parameter name="TestCase" value="Scenario 1b"/>
      <parameter name="browser" value="firefox"/>
      <parameter name="version" value="20.0"/>
      <parameter name="platform" value="WINDOWS"/>
      <classes>
         <class name="com.tegile.intelliflash.testdriver.TestCaseDriver"/>
      </classes>
   </test>
   <test name="Test_Scenario 2">
      <parameter name="TestCase" value="Scenario 2"/>
      <parameter name="browser" value="firefox"/>
      <parameter name="version" value="20.0"/>
      <parameter name="platform" value="WINDOWS"/>
      <classes>
         <class name="com.tegile.intelliflash.testdriver.TestCaseDriver"/>
      </classes>
   </test>
   <test name="Test_Scenario 3a">
      <parameter name="TestCase" value="Scenario 3a"/>
      <parameter name="browser" value="firefox"/>
      <parameter name="version" value="20.0"/>
      <parameter name="platform" value="WINDOWS"/>
      <classes>
         <class name="com.tegile.intelliflash.testdriver.TestCaseDriver"/>
      </classes>
   </test>
   <test name="Test_Scenario 3b">
      <parameter name="TestCase" value="Scenario 3b"/>
      <parameter name="browser" value="firefox"/>
      <parameter name="version" value="20.0"/>
      <parameter name="platform" value="WINDOWS"/>
      <classes>
         <class name="com.tegile.intelliflash.testdriver.TestCaseDriver"/>
      </classes>
   </test>
   <test name="Test_Scenario 4">
      <parameter name="TestCase" value="Scenario 4"/>
      <parameter name="browser" value="firefox"/>
      <parameter name="version" value="20.0"/>
      <parameter name="platform" value="WINDOWS"/>
      <classes>
         <class name="com.tegile.intelliflash.testdriver.TestCaseDriver"/>
      </classes>
   </test>
   <test name="Test_Scenario 5">
      <parameter name="TestCase" value="Scenario 5"/>
      <parameter name="browser" value="firefox"/>
      <parameter name="version" value="20.0"/>
      <parameter name="platform" value="WINDOWS"/>
      <classes>
         <class name="com.tegile.intelliflash.testdriver.TestCaseDriver"/>
      </classes>
   </test>
   <test name="Test_Scenario 6a">
      <parameter name="TestCase" value="Scenario 6a"/>
      <parameter name="browser" value="firefox"/>
      <parameter name="version" value="20.0"/>
      <parameter name="platform" value="WINDOWS"/>
      <classes>
         <class name="com.tegile.intelliflash.testdriver.TestCaseDriver"/>
      </classes>
   </test>
   <test name="Test_Scenario 6b">
      <parameter name="TestCase" value="Scenario 6b"/>
      <parameter name="browser" value="firefox"/>
      <parameter name="version" value="20.0"/>
      <parameter name="platform" value="WINDOWS"/>
      <classes>
         <class name="com.tegile.intelliflash.testdriver.TestCaseDriver"/>
      </classes>
   </test>
   <test name="Test_Scenario 7">
      <parameter name="TestCase" value="Scenario 7"/>
      <parameter name="browser" value="firefox"/>
      <parameter name="version" value="20.0"/>
      <parameter name="platform" value="WINDOWS"/>
      <classes>
         <class name="com.tegile.intelliflash.testdriver.TestCaseDriver"/>
      </classes>
   </test>
   <test name="Test_Scenario 8a">
      <parameter name="TestCase" value="Scenario 8a"/>
      <parameter name="browser" value="firefox"/>
      <parameter name="version" value="20.0"/>
      <parameter name="platform" value="WINDOWS"/>
      <classes>
         <class name="com.tegile.intelliflash.testdriver.TestCaseDriver"/>
      </classes>
   </test>
   <test name="Test_Scenario 8b">
      <parameter name="TestCase" value="Scenario 8b"/>
      <parameter name="browser" value="firefox"/>
      <parameter name="version" value="20.0"/>
      <parameter name="platform" value="WINDOWS"/>
      <classes>
         <class name="com.tegile.intelliflash.testdriver.TestCaseDriver"/>
      </classes>
   </test>
   <test name="Test_Scenario 9">
      <parameter name="TestCase" value="Scenario 9"/>
      <parameter name="browser" value="firefox"/>
      <parameter name="version" value="20.0"/>
      <parameter name="platform" value="WINDOWS"/>
      <classes>
         <class name="com.tegile.intelliflash.testdriver.TestCaseDriver"/>
      </classes>
   </test>
   <test name="Test_Scenario 10">
      <parameter name="TestCase" value="Scenario 10"/>
      <parameter name="browser" value="firefox"/>
      <parameter name="version" value="20.0"/>
      <parameter name="platform" value="WINDOWS"/>
      <classes>
         <class name="com.tegile.intelliflash.testdriver.TestCaseDriver"/>
      </classes>
   </test>
   <test name="Test_Scenario 11">
      <parameter name="TestCase" value="Scenario 11"/>
      <parameter name="browser" value="firefox"/>
      <parameter name="version" value="20.0"/>
      <parameter name="platform" value="WINDOWS"/>
      <classes>
         <class name="com.tegile.intelliflash.testdriver.TestCaseDriver"/>
      </classes>
   </test>
   <test name="Test_Scenario 12">
      <parameter name="TestCase" value="Scenario 12"/>
      <parameter name="browser" value="firefox"/>
      <parameter name="version" value="20.0"/>
      <parameter name="platform" value="WINDOWS"/>
      <classes>
         <class name="com.tegile.intelliflash.testdriver.TestCaseDriver"/>
      </classes>
   </test>
   <test name="Test_Scenario 13">
      <parameter name="TestCase" value="Scenario 13"/>
      <parameter name="browser" value="firefox"/>
      <parameter name="version" value="20.0"/>
      <parameter name="platform" value="WINDOWS"/>
      <classes>
         <class name="com.tegile.intelliflash.testdriver.TestCaseDriver"/>
      </classes>
   </test>
   <test name="Test_Scenario 14">
      <parameter name="TestCase" value="Scenario 14"/>
      <parameter name="browser" value="firefox"/>
      <parameter name="version" value="20.0"/>
      <parameter name="platform" value="WINDOWS"/>
      <classes>
         <class name="com.tegile.intelliflash.testdriver.TestCaseDriver"/>
      </classes>
   </test>
   <test name="Test_Scenario 15">
      <parameter name="TestCase" value="Scenario 15"/>
      <parameter name="browser" value="firefox"/>
      <parameter name="version" value="20.0"/>
      <parameter name="platform" value="WINDOWS"/>
      <classes>
         <class name="com.tegile.intelliflash.testdriver.TestCaseDriver"/>
      </classes>
   </test>
   <test name="Test_Scenario 16">
      <parameter name="TestCase" value="Scenario 16"/>
      <parameter name="browser" value="firefox"/>
      <parameter name="version" value="20.0"/>
      <parameter name="platform" value="WINDOWS"/>
      <classes>
         <class name="com.tegile.intelliflash.testdriver.TestCaseDriver"/>
      </classes>
   </test>
   <test name="Test_Scenario 17">
      <parameter name="TestCase" value="Scenario 17"/>
      <parameter name="browser" value="firefox"/>
      <parameter name="version" value="20.0"/>
      <parameter name="platform" value="WINDOWS"/>
      <classes>
         <class name="com.tegile.intelliflash.testdriver.TestCaseDriver"/>
      </classes>
   </test>
   <test name="Test_Scenario 18">
      <parameter name="TestCase" value="Scenario 18"/>
      <parameter name="browser" value="firefox"/>
      <parameter name="version" value="20.0"/>
      <parameter name="platform" value="WINDOWS"/>
      <classes>
         <class name="com.tegile.intelliflash.testdriver.TestCaseDriver"/>
      </classes>
   </test>
   <test name="Test_Scenario 19">
      <parameter name="TestCase" value="Scenario 19"/>
      <parameter name="browser" value="firefox"/>
      <parameter name="version" value="20.0"/>
      <parameter name="platform" value="WINDOWS"/>
      <classes>
         <class name="com.tegile.intelliflash.testdriver.TestCaseDriver"/>
      </classes>
   </test>
   <test name="Test_Scenario 20">
      <parameter name="TestCase" value="Scenario 20"/>
      <parameter name="browser" value="firefox"/>
      <parameter name="version" value="20.0"/>
      <parameter name="platform" value="WINDOWS"/>
      <classes>
         <class name="com.tegile.intelliflash.testdriver.TestCaseDriver"/>
      </classes>
   </test>
   <test name="Test_Scenario 21">
      <parameter name="TestCase" value="Scenario 21"/>
      <parameter name="browser" value="firefox"/>
      <parameter name="version" value="20.0"/>
      <parameter name="platform" value="WINDOWS"/>
      <classes>
         <class name="com.tegile.intelliflash.testdriver.TestCaseDriver"/>
      </classes>
   </test>
   <test name="Test_Scenario 22">
      <parameter name="TestCase" value="Scenario 22"/>
      <parameter name="browser" value="firefox"/>
      <parameter name="version" value="20.0"/>
      <parameter name="platform" value="WINDOWS"/>
      <classes>
         <class name="com.tegile.intelliflash.testdriver.TestCaseDriver"/>
      </classes>
   </test>
   <test name="Test_Scenario 23">
      <parameter name="TestCase" value="Scenario 23"/>
      <parameter name="browser" value="firefox"/>
      <parameter name="version" value="20.0"/>
      <parameter name="platform" value="WINDOWS"/>
      <classes>
         <class name="com.tegile.intelliflash.testdriver.TestCaseDriver"/>
      </classes>
   </test>
   <test name="Test_Scenario 24">
      <parameter name="TestCase" value="Scenario 24"/>
      <parameter name="browser" value="firefox"/>
      <parameter name="version" value="20.0"/>
      <parameter name="platform" value="WINDOWS"/>
      <classes>
         <class name="com.tegile.intelliflash.testdriver.TestCaseDriver"/>
      </classes>
   </test>
   <test name="Test_Scenario 25">
      <parameter name="TestCase" value="Scenario 25"/>
      <parameter name="browser" value="firefox"/>
      <parameter name="version" value="20.0"/>
      <parameter name="platform" value="WINDOWS"/>
      <classes>
         <class name="com.tegile.intelliflash.testdriver.TestCaseDriver"/>
      </classes>
   </test>
   <test name="Test_Scenario 26">
      <parameter name="TestCase" value="Scenario 26"/>
      <parameter name="browser" value="firefox"/>
      <parameter name="version" value="20.0"/>
      <parameter name="platform" value="WINDOWS"/>
      <classes>
         <class name="com.tegile.intelliflash.testdriver.TestCaseDriver"/>
      </classes>
   </test>
   <test name="Test_Scenario 27">
      <parameter name="TestCase" value="Scenario 27"/>
      <parameter name="browser" value="firefox"/>
      <parameter name="version" value="20.0"/>
      <parameter name="platform" value="WINDOWS"/>
      <classes>
         <class name="com.tegile.intelliflash.testdriver.TestCaseDriver"/>
      </classes>
   </test>
   <test name="Test_Scenario 28a">
      <parameter name="TestCase" value="Scenario 28a"/>
      <parameter name="browser" value="firefox"/>
      <parameter name="version" value="20.0"/>
      <parameter name="platform" value="WINDOWS"/>
      <classes>
         <class name="com.tegile.intelliflash.testdriver.TestCaseDriver"/>
      </classes>
   </test>
   <test name="Test_Scenario 28b">
      <parameter name="TestCase" value="Scenario 28b"/>
      <parameter name="browser" value="firefox"/>
      <parameter name="version" value="20.0"/>
      <parameter name="platform" value="WINDOWS"/>
      <classes>
         <class name="com.tegile.intelliflash.testdriver.TestCaseDriver"/>
      </classes>
   </test>
   <test name="Test_Scenario 29a">
      <parameter name="TestCase" value="Scenario 29a"/>
      <parameter name="browser" value="firefox"/>
      <parameter name="version" value="20.0"/>
      <parameter name="platform" value="WINDOWS"/>
      <classes>
         <class name="com.tegile.intelliflash.testdriver.TestCaseDriver"/>
      </classes>
   </test>
   <test name="Test_Scenario 29b">
      <parameter name="TestCase" value="Scenario 29b"/>
      <parameter name="browser" value="firefox"/>
      <parameter name="version" value="20.0"/>
      <parameter name="platform" value="WINDOWS"/>
      <classes>
         <class name="com.tegile.intelliflash.testdriver.TestCaseDriver"/>
      </classes>
   </test>
   <test name="Test_Scenario 30">
      <parameter name="TestCase" value="Scenario 30"/>
      <parameter name="browser" value="firefox"/>
      <parameter name="version" value="20.0"/>
      <parameter name="platform" value="WINDOWS"/>
      <classes>
         <class name="com.tegile.intelliflash.testdriver.TestCaseDriver"/>
      </classes>
   </test>
   <test name="Test_Scenario 31">
      <parameter name="TestCase" value="Scenario 31"/>
      <parameter name="browser" value="firefox"/>
      <parameter name="version" value="20.0"/>
      <parameter name="platform" value="WINDOWS"/>
      <classes>
         <class name="com.tegile.intelliflash.testdriver.TestCaseDriver"/>
      </classes>
   </test>
   <test name="Test_Scenario 32">
      <parameter name="TestCase" value="Scenario 32"/>
      <parameter name="browser" value="firefox"/>
      <parameter name="version" value="20.0"/>
      <parameter name="platform" value="WINDOWS"/>
      <classes>
         <class name="com.tegile.intelliflash.testdriver.TestCaseDriver"/>
      </classes>
   </test>
   <test name="Test_Scenario 33">
      <parameter name="TestCase" value="Scenario 33"/>
      <parameter name="browser" value="firefox"/>
      <parameter name="version" value="20.0"/>
      <parameter name="platform" value="WINDOWS"/>
      <classes>
         <class name="com.tegile.intelliflash.testdriver.TestCaseDriver"/>
      </classes>
   </test>
</suite>