<?xml version="1.0" encoding="UTF-8"?>
<suite name="MasterSuite">
   <listeners>
      <listener class-name="com.tegile.intelliflash.listeners.TestsListenerAdapter"/>
   </listeners>
   <suite-files>
      <suite-file path="src\com\tegile\intelliflash\testsuites\Client_Intellicare_Test.xml"/>
      <suite-file path="src\com\tegile\intelliflash\testsuites\Client_SMPHIX_7975_5555.xml"/>
      <suite-file path="src\com\tegile\intelliflash\testsuites\Client_SMPHIX_7975_7000.xml"/>
      <suite-file path="src\com\tegile\intelliflash\testsuites\Client_SMPHIX_7975_5000.xml"/>
      <suite-file path="src\com\tegile\intelliflash\testsuites\testng.xml"/>
   </suite-files>
</suite>